"ID";"Name";"Username";"Email";"DateOfBirth";"StreetAddress";"City";"Country";"Zip";"State";"Phone"
"1";"Mueller Damari";"damamueller3829";"Dam.MUE2756@mail2web.com";"1950-11-11";"5704 Burnside";"Lexington";"United States";"405797";"KY";"(757) 807-9768"
"2";"George Clark";"clageorge8077";"Clark.GEORGE8306@live.com";"1979-06-25";"2359 Edgebrook";"Coral Springs";"United States";"33004";"FL";"(256) 135-7147"
"3";"Barron Tate";"tabar8121";"Tat.BAR4391@yahoo.com";"1997-12-25";"6547 Juneway";"Eugene";"United States";"97404";"OR";"(435) 800-9442"
"4";"Collins Rodolfo";"rodcol1595";"Rodolfo.COLL9903@live.com";"1964-10-03";"594 Madison Park";"Kent";"United States";"98011";"WA";"(814) 406-9281"
"5";"Waters Willow";"wilwaters8220";"Wil.WATER1863@mail2web.com";"1977-04-19";"8027 Kolin";"New Haven";"United States";"06512";"CT";"(206) 844-2700"
"6";"Barrett Tatum";"tatbarre5671";"Tat.BARRETT6283@yahoo.com";"1986-01-18";"683 Lawler";"Garland";"United States";"75982";"TX";"(818) 543-4295"
"7";"Mccullough Madelyn";"madmccull4615";"Made.MCCULLO2935@hushmail.com";"1984-10-01";"9450 Franklin";"Fort Worth";"United States";"76551";"TX";"(205) 325-9874"
"8";"Weiss Sidney";"sidneweis6277";"Sidne.WEISS4555@yahoo.com";"1986-02-08";"7940 Dekoven";"Tacoma";"United States";"98036";"WA";"(513) 453-1442"
"9";"Horne Tori";"tohorne2545";"To.HOR5041@gmail.com";"1999-04-19";"4028 Julian";"Seattle";"United States";"98885";"WA";"(845) 179-3191"
"10";"Ellison Liberty";"liberelliso3283";"Liberty.ELL3382@gmail.com";"1951-09-30";"2843 33rd";"Riverside";"United States";"92513 ";"CA";"(775) 188-3346"
"11";"Caldwell Keyla";"keycaldwe5474";"Ke.CALDWELL8267@mail2web.com";"1995-02-21";"3795 Wieland";"Kansas City";"United States";"66023";"MO";"(475) 866-4529"
"12";"Hickman Jamal";"jamahickman7369";"Jamal.HICKMAN2469@gmail.com";"1986-09-30";"5408 Reilly";"Oakland";"United States";"94658";"CA";"(507) 690-4322"
"13";"Rice Chris";"chri6356";"Ch.RICE4058@live.com";"1971-09-16";"9115 Long";"Lakewood";"United States";"80281";"CO";"(641) 609-6762"
"14";"Foley Alyvia";"alyvfole9402";"Alyvi.FOL1547@hushmail.com";"1962-09-16";"8190 Kenosha";"Aurora";"United States";"60566";"IL";"(269) 457-1165"
"15";"Miranda Bryson";"brysomiran8605";"Bryson.MIRANDA3652@mail2web.com";"1994-10-11";"3082 Columbus Ramp";"Joliet";"United States";"60484";"IL";"(703) 589-9198"
"16";"Rojas Amari";"amariroj5533";"Am.RO3375@live.com";"1996-08-08";"4372 Columbus";"Nashville";"United States";"37169 ";"TN";"(360) 793-9312"
"17";"Sparks Jamie";"jamisparks3407";"Ja.SPARKS4868@mail2web.com";"1960-06-14";"8557 Gordon";"Charlotte";"United States";"28730";"NC";"(774) 523-9940"
"18";"Savage Alanna";"alansav1568";"Ala.SAVAGE9397@gmail.com";"1963-09-01";"9882 Avenue G";"Cincinnati";"United States";"45202";"OH";"(254) 829-0345"
"19";"Suarez Bethany";"bethanysuare8351";"Bethany.SUA3493@yahoo.com";"1954-07-10";"1579 Cullom";"Jacksonville";"United States";"32446";"FL";"(251) 694-1733"
"20";"Frost Beau";"beafrost7867";"Bea.FR2205@hushmail.com";"1994-09-05";"8859 93rd";"Raleigh";"United States";"27683 ";"NC";"(813) 405-1550"
"21";"Ray Matilda";"matildr4137";"Mat.RA5292@hushmail.com";"1994-05-14";"3947 Tahoma";"Orlando";"United States";"32859";"FL";"(865) 180-7922"
"22";"Berger Barbara";"barbaraber8433";"Barb.BERG5700@gmail.com";"1954-03-19";"9036 Vernon Park";"Montpelier";"United States";"05634";"VT";"(760) 542-3383"
"23";"Cameron Yadiel";"yadcameron9784";"Yadiel.CAMERO8946@live.com";"1970-05-31";"6278 Columbus Ramp";"Syracuse";"United States";"13262";"NY";"(315) 760-6601"
"24";"Keith Cambria";"cambriake1745";"Cambria.KEITH1616@yahoo.com";"1991-08-26";"5804 Wabash";"Columbus";"United States";"43689";"OH";"(501) 808-2441"
"25";"Francis Nathan";"nathafranc2748";"Nat.FRAN2750@hushmail.com";"1969-01-17";"569 Wallace";"San Bernardino";"United States";"92303";"CA";"(402) 807-8419"
"26";"Griffith Hank";"hangriffit9196";"Han.GRIF9092@mail2web.com";"1964-03-23";"9646 80th";"Fort Wayne";"United States";"46046 ";"IN";"(757) 105-1273"
"27";"Nixon Abraham";"abranixo5269";"Abr.NIXON8879@live.com";"1969-01-14";"7371 Malden";"Tampa";"United States";"33399";"FL";"(703) 425-6253"
"28";"Estrada Jedidiah";"jedidestra2137";"Jedi.ESTRAD6506@gmail.com";"1971-11-12";"1072 Agatite";"Kansas City";"United States";"66014";"KS";"(423) 969-0936"
"29";"Powers Allan";"allpowe8763";"Al.POWERS1717@gmail.com";"1967-08-05";"7702 Patton";"Paterson";"United States";"07570";"NJ";"(510) 139-4041"
"30";"Dillard Myah";"myahdilla7935";"My.DILL7041@live.com";"1952-09-16";"5464 Sell";"Fresno";"United States";"93726";"CA";"(276) 431-6535"
"31";"Arnold Emily";"emilyarnol7398";"Emi.ARNO5548@gmail.com";"1968-04-20";"9138 120th";"Fremont";"United States";"94512";"CA";"(980) 510-6669"
"32";"Stephens Jaylin";"jaylistephens5692";"Jayl.STEP7344@mail2web.com";"1961-06-19";"4280 Kennedy Jackson Bl";"Fort Lauderdale";"United States";"33844";"FL";"(443) 700-9389"
"33";"Knowles Shane";"shkno9196";"Shane.KNOWLES3242@mail2web.com";"1995-01-08";"4904 Dan Ryan Roosevelt Rd";"Louisville";"United States";"40621";"KY";"(954) 898-6866"
"34";"Quinn Hayleigh";"hayleigqu9306";"Hayleigh.QU1102@gmail.com";"1996-02-23";"1201 Avenue F";"El Paso";"United States";"79850";"TX";"(818) 784-0416"
"35";"Turner Harlow";"harlturne3055";"Harl.TURN4726@hushmail.com";"1984-07-29";"2137 Chester";"Memphis";"United States";"38226";"TN";"(540) 558-8504"
"36";"Ramsey Sebastian";"sebastianramse1666";"Sebas.RAM6935@mail2web.com";"1977-01-21";"1916 Manor";"Los Angeles";"United States";"90274";"CA";"(252) 258-0340"
"37";"Underwood Jaxen";"jaxunder5300";"Ja.UNDER3777@mail2web.com";"1988-10-17";"1629 Birkhoff";"Fontana";"United States";"92399";"CA";"(551) 276-0091"
"38";"Cook Cali";"caco2582";"Ca.COOK7428@live.com";"1964-07-31";"776 Kerfoot";"Rochester";"United States";"14686";"NY";"(731) 252-3242"
"39";"Gaines Devon";"devogaines7737";"Devo.GAIN7348@yahoo.com";"1993-06-07";"6009 Knox";"Dayton";"United States";"45361";"OH";"(803) 654-0117"
"40";"Marquez Lia";"limarqu9078";"L.MARQU7815@gmail.com";"1968-02-10";"6210 Hortense";"Newark";"United States";"07127";"NJ";"(415) 200-8565"
"41";"Newman Sadie";"sadinew2639";"Sad.NEW8771@live.com";"1960-11-17";"5655 Madison St";"Hampton";"United States";"23680";"VA";"(507) 207-7784"
"42";"Morris Alfonso";"alfonmorris6254";"Alfo.MORRI3148@yahoo.com";"1985-07-20";"114 Ob Northwest";"Joliet";"United States";"60474";"IL";"(630) 988-7978"
"43";"Ruiz Kaiya";"karu3297";"Ka.RUI2169@mail2web.com";"1970-02-07";"5528 Chicago Skyway Ib Chicago";"Bridgeport";"United States";"06641";"CT";"(228) 435-0305"
"44";"Ashley Heath";"heash2652";"He.ASHL6042@live.com";"1990-04-08";"4241 Stockton";"Sacramento";"United States";"95887";"CA";"(214) 810-8179"
"45";"Sheppard Jaelyn";"jaelyshepp9356";"Jae.SHEPPAR1153@gmail.com";"1985-05-24";"5621 Solidarity";"Memphis";"United States";"38186";"TN";"(908) 264-6217"
"46";"Walls Pierce";"piercwal8675";"Pie.WALLS6443@mail2web.com";"1950-07-13";"2105 Olive";"Aurora";"United States";"80008";"CO";"(585) 471-8816"
"47";"Huber Corey";"corehuber8087";"Core.HUBER7534@yahoo.com";"1952-06-23";"5277 50th";"Yonkers";"United States";"10760";"NY";"(414) 106-7261"
"48";"Fuentes Itzel";"itzfuen8764";"It.FUENT8549@gmail.com";"1992-01-21";"3861 Dan Ryan Ib Canalport Av";"Nashville";"United States";"37011 ";"TN";"(217) 682-2421"
"49";"Shepherd Tommy";"tomshepherd1528";"Tommy.SHEPH2365@live.com";"1985-04-25";"9681 Dan Ryan Wentworth Av";"Chula Vista";"United States";"91962";"CA";"(539) 573-5276"
